"89506","EVENT","[선주문예약상품] 비스트킹덤 MEA-018SP 스파이더맨 / 아이언맨 베놈버젼 미니에그어택",37000.00,500
"89505","EVENT","[선주문예약상품] 비스트킹덤 토이스토리 "햄" 저금통",99000.00,500
"89504","EVENT","[10일 8시 마감] [code10] 코드텐 방수 롤탑백",99000.00,0
"89503","EVENT","[선주문예약상품] 비스트킹덤 토이스토리 "알린" 저금통",99000.00,500
"89502","PRODUCT","피스포츠 X 라이크라스포츠 맨즈 매직 스페이스 드로즈 10종 세트",25900.00,200
"89501","EVENT","[10일 8시 마감] POUT 알루미늄 노트북 거치대 EYES4",29900.00,497
"89500","PRODUCT","젠틀맨 우산",23000.00,1500
"89499","EVENT","[선주문예약상품] 비스트킹덤 토이스토리 "렉스" 저금통",99000.00,500
"89498","PRODUCT","체리 MC 9620 FPS 스나이퍼 마우스",79000.00,99
"89497","EVENT","[선주문예약상품] 비스트킹덤 DS-069 스타크래프트2 짐 레이너 10주년 피규어",43000.00,489
"89496","EVENT","[선주문예약상품] 비스트킹덤 DS-070 스타크래프트2 사라 케리건 10주년 피규어",43000.00,491
"89495","EVENT","[얼리버드특가] 1NMC 리넨 루즈핏 헨리넥 쿨 셔츠",53000.00,90
"89494","PRODUCT","1NMC 리넨 루즈핏 헨리넥 쿨 셔츠",59000.00,90
"89493","PRODUCT","하이브리드 홈시스템 루미르 H",65800.00,986
"89492","PRODUCT","체리 MX 3.0S 블랙 게이밍 기계식 키보드",89000.00,100
"89491","EVENT","[10일 8시 마감] 파우트 휴대용 접이식 알루미늄 노트북 거치대 EYES3 ANGLE",19900.00,500
"89490","PRODUCT","모락 모쿠 마우스 손목 받침대",7600.00,50
"89489","EVENT","[리미티드 10일 8시 마감] 언리미트 베이직 로고 티셔츠 6종",10000.00,100
"89488","EVENT","[10일 8시 마감] 코비 콘덴서 방송용 스탠드마이크",37900.00,494
"89487","PRODUCT","기분내기 딱 좋은 핑크부탄&레몬부탄",7000.00,500
"89486","PRODUCT","롯데알미늄 7L 멀티 제습기",179000.00,500
"89485","PRODUCT","바람불어도 불타오르는 스토브",49900.00,1000
"89484","PRODUCT","아이패드프로4세대 마그네틱 폴리오 스마트커버 케이스 / 11인치,12.9인치",23900.00,100
"89483","PRODUCT","휴대용 스테리 모기 퇴치기",28900.00,50
"99998","PRODUCT","Thread TEST 상품",37000.00,30
"99999","PRODUCT","TEST 상품",37000.00,99999